<?xml version="1.0" encoding="UTF-8" standalone="yes"?>
<addon id="repository.github.mvl" name="MVL Skin and Addon" version="1.0.6" provider-name="Heurixtics">
	<extension point="xbmc.addon.repository" name="MVL Skin and Addon Repo">
		<info compressed="false">https://raw.github.com/ashikzk/mvl-skin/master/addons.xml</info>
		<checksum>https://raw.github.com/ashikzk/mvl-skin/master/addons.xml.md5</checksum>
		<datadir zip="true">http://raw.github.com/ashikzk/mvl-skin/master/</datadir>
	</extension>
	<extension point="xbmc.addon.metadata">
		<summary>Install skins from MVL</summary>
		<description>MVL Defaul Skin by Heurixtic</description>
		<platform>all</platform>
	</extension>
</addon>
